iter	RMSE
0	1.706064307
99	0.7164924926
